<?xml version="1.0" encoding="UTF-8"?>
<project-private xmlns="http://www.netbeans.org/ns/project-private/1">
    <editor-bookmarks xmlns="http://www.netbeans.org/ns/editor-bookmarks/2" lastBookmarkId="0"/>
    <open-files xmlns="http://www.netbeans.org/ns/projectui-open-files/2">
        <group>
            <file>file:/home/bjorn/Dropbox/School/Ugent/Master/Gedistribueerde%20toepassingen/Labo/QuizWorker/src/java/domain/QuizWorker.java</file>
            <file>file:/home/bjorn/Dropbox/School/Ugent/Master/Gedistribueerde%20toepassingen/Labo/QuizWorker/src/java/domain/TextListener.java</file>
            <file>file:/home/bjorn/Dropbox/School/Ugent/Master/Gedistribueerde%20toepassingen/Labo/QuizWorker/src/java/ui/Main.java</file>
        </group>
    </open-files>
</project-private>
